<?xml version="1.0" encoding="utf-8"?>
<manifest identifier="DU856EMYOish5" xmlns="http://www.imsproject.org/xsd/imscp_rootv1p1p2" xmlns:adlcp="http://www.adlnet.org/xsd/adlcp_rootv1p2" xmlns:xsi="http://www.w3.org/2001/XMLSchema-instance" xmlns:lom="http://www.imsglobal.org/xsd/imsmd_rootv1p2p1" xsi:schemaLocation="http://www.imsproject.org/xsd/imscp_rootv1p1p2 imscp_rootv1p1p2.xsd http://www.imsglobal.org/xsd/imsmd_rootv1p2p1 imsmd_rootv1p2p1.xsd http://www.adlnet.org/xsd/adlcp_rootv1p2 adlcp_rootv1p2.xsd">
<metadata>
<schema>ADL SCORM</schema>
<schemaversion>1.2</schemaversion>
<lom:lom>
<lom:general>
<lom:title>
<lom:langstring>14_Stability(digital)_ispring</lom:langstring>
</lom:title>
</lom:general>
<lom:educational>
<lom:typicallearningtime>
<lom:datetime>01:00:00</lom:datetime>
</lom:typicallearningtime>
</lom:educational>
</lom:lom>
</metadata>
<organizations default="14_stability(digital)_ispring_organization">
<organization identifier="14_stability(digital)_ispring_organization">
<title>14_Stability(digital)_ispring</title>
<item identifier="B605A7DA-D3F5-430C-BE2F-24E924A16826" identifierref="resource">
<title>14_Stability(digital)_ispring</title>
</item>
</organization>
</organizations>
<resources>
<resource identifier="resource" type="webcontent" adlcp:scormtype="sco" href="res/index.html">
<file href="res/index.html"/>
<file href="res/lms.js"/>
<file href="res/data/thmb1.png"/>
<file href="res/data/slide1.js"/>
<file href="res/data/slide1.css"/>
<file href="res/data/thmb2.png"/>
<file href="res/data/slide2.js"/>
<file href="res/data/slide2.css"/>
<file href="res/data/thmb3.png"/>
<file href="res/data/slide3.js"/>
<file href="res/data/slide3.css"/>
<file href="res/data/thmb4.png"/>
<file href="res/data/slide4.js"/>
<file href="res/data/slide4.css"/>
<file href="res/data/thmb5.png"/>
<file href="res/data/slide5.js"/>
<file href="res/data/slide5.css"/>
<file href="res/data/thmb6.png"/>
<file href="res/data/slide6.js"/>
<file href="res/data/slide6.css"/>
<file href="res/data/thmb7.png"/>
<file href="res/data/slide7.js"/>
<file href="res/data/slide7.css"/>
<file href="res/data/thmb8.png"/>
<file href="res/data/slide8.js"/>
<file href="res/data/slide8.css"/>
<file href="res/data/thmb9.png"/>
<file href="res/data/slide9.js"/>
<file href="res/data/slide9.css"/>
<file href="res/data/thmb10.png"/>
<file href="res/data/slide10.js"/>
<file href="res/data/slide10.css"/>
<file href="res/data/thmb11.png"/>
<file href="res/data/slide11.js"/>
<file href="res/data/slide11.css"/>
<file href="res/data/thmb12.png"/>
<file href="res/data/slide12.js"/>
<file href="res/data/slide12.css"/>
<file href="res/data/thmb13.png"/>
<file href="res/data/slide13.js"/>
<file href="res/data/slide13.css"/>
<file href="res/data/thmb14.png"/>
<file href="res/data/slide14.js"/>
<file href="res/data/slide14.css"/>
<file href="res/data/thmb15.png"/>
<file href="res/data/slide15.js"/>
<file href="res/data/slide15.css"/>
<file href="res/data/thmb16.png"/>
<file href="res/data/slide16.js"/>
<file href="res/data/slide16.css"/>
<file href="res/data/thmb17.png"/>
<file href="res/data/slide17.js"/>
<file href="res/data/slide17.css"/>
<file href="res/data/thmb18.png"/>
<file href="res/data/slide18.js"/>
<file href="res/data/slide18.css"/>
<file href="res/data/thmb19.png"/>
<file href="res/data/slide19.js"/>
<file href="res/data/slide19.css"/>
<file href="res/data/thmb20.png"/>
<file href="res/data/slide20.js"/>
<file href="res/data/slide20.css"/>
<file href="res/data/thmb21.png"/>
<file href="res/data/slide21.js"/>
<file href="res/data/slide21.css"/>
<file href="res/data/thmb22.png"/>
<file href="res/data/slide22.js"/>
<file href="res/data/slide22.css"/>
<file href="res/data/thmb23.png"/>
<file href="res/data/slide23.js"/>
<file href="res/data/slide23.css"/>
<file href="res/data/thmb24.png"/>
<file href="res/data/slide24.js"/>
<file href="res/data/slide24.css"/>
<file href="res/data/thmb25.png"/>
<file href="res/data/slide25.js"/>
<file href="res/data/slide25.css"/>
<file href="res/data/thmb26.png"/>
<file href="res/data/slide26.js"/>
<file href="res/data/slide26.css"/>
<file href="res/data/thmb27.png"/>
<file href="res/data/slide27.js"/>
<file href="res/data/slide27.css"/>
<file href="res/data/thmb28.png"/>
<file href="res/data/slide28.js"/>
<file href="res/data/slide28.css"/>
<file href="res/data/thmb29.png"/>
<file href="res/data/slide29.js"/>
<file href="res/data/slide29.css"/>
<file href="res/data/thmb30.png"/>
<file href="res/data/slide30.js"/>
<file href="res/data/slide30.css"/>
<file href="res/data/thmb31.png"/>
<file href="res/data/slide31.js"/>
<file href="res/data/slide31.css"/>
<file href="res/data/thmb32.png"/>
<file href="res/data/slide32.js"/>
<file href="res/data/slide32.css"/>
<file href="res/data/thmb33.png"/>
<file href="res/data/slide33.js"/>
<file href="res/data/slide33.css"/>
<file href="res/data/thmb34.png"/>
<file href="res/data/slide34.js"/>
<file href="res/data/slide34.css"/>
<file href="res/data/thmb35.png"/>
<file href="res/data/slide35.js"/>
<file href="res/data/slide35.css"/>
<file href="res/data/thmb36.png"/>
<file href="res/data/slide36.js"/>
<file href="res/data/slide36.css"/>
<file href="res/data/thmb37.png"/>
<file href="res/data/slide37.js"/>
<file href="res/data/slide37.css"/>
<file href="res/data/thmb38.png"/>
<file href="res/data/slide38.js"/>
<file href="res/data/slide38.css"/>
<file href="res/data/thmb39.png"/>
<file href="res/data/slide39.js"/>
<file href="res/data/slide39.css"/>
<file href="res/data/thmb40.png"/>
<file href="res/data/slide40.js"/>
<file href="res/data/slide40.css"/>
<file href="res/data/thmb41.png"/>
<file href="res/data/slide41.js"/>
<file href="res/data/slide41.css"/>
<file href="res/data/thmb42.png"/>
<file href="res/data/slide42.js"/>
<file href="res/data/slide42.css"/>
<file href="res/data/thmb43.png"/>
<file href="res/data/slide43.js"/>
<file href="res/data/slide43.css"/>
<file href="res/data/thmb44.png"/>
<file href="res/data/slide44.js"/>
<file href="res/data/slide44.css"/>
<file href="res/data/thmb45.png"/>
<file href="res/data/slide45.js"/>
<file href="res/data/slide45.css"/>
<file href="res/data/thmb46.png"/>
<file href="res/data/slide46.js"/>
<file href="res/data/slide46.css"/>
<file href="res/data/thmb47.png"/>
<file href="res/data/slide47.js"/>
<file href="res/data/slide47.css"/>
<file href="res/data/thmb48.png"/>
<file href="res/data/slide48.js"/>
<file href="res/data/slide48.css"/>
<file href="res/data/thmb49.png"/>
<file href="res/data/slide49.js"/>
<file href="res/data/slide49.css"/>
<file href="res/data/thmb50.png"/>
<file href="res/data/slide50.js"/>
<file href="res/data/slide50.css"/>
<file href="res/data/thmb51.png"/>
<file href="res/data/slide51.js"/>
<file href="res/data/slide51.css"/>
<file href="res/data/thmb52.png"/>
<file href="res/data/slide52.js"/>
<file href="res/data/slide52.css"/>
<file href="res/data/thmb53.png"/>
<file href="res/data/slide53.js"/>
<file href="res/data/slide53.css"/>
<file href="res/data/thmb54.png"/>
<file href="res/data/slide54.js"/>
<file href="res/data/slide54.css"/>
<file href="res/data/thmb55.png"/>
<file href="res/data/slide55.js"/>
<file href="res/data/slide55.css"/>
<file href="res/data/thmb56.png"/>
<file href="res/data/slide56.js"/>
<file href="res/data/slide56.css"/>
<file href="res/data/thmb57.png"/>
<file href="res/data/slide57.js"/>
<file href="res/data/slide57.css"/>
<file href="res/data/thmb58.png"/>
<file href="res/data/slide58.js"/>
<file href="res/data/slide58.css"/>
<file href="res/data/thmb59.png"/>
<file href="res/data/slide59.js"/>
<file href="res/data/slide59.css"/>
<file href="res/data/thmb60.png"/>
<file href="res/data/slide60.js"/>
<file href="res/data/slide60.css"/>
<file href="res/data/thmb61.png"/>
<file href="res/data/slide61.js"/>
<file href="res/data/slide61.css"/>
<file href="res/data/thmb62.png"/>
<file href="res/data/slide62.js"/>
<file href="res/data/slide62.css"/>
<file href="res/data/thmb63.png"/>
<file href="res/data/slide63.js"/>
<file href="res/data/slide63.css"/>
<file href="res/data/thmb64.png"/>
<file href="res/data/slide64.js"/>
<file href="res/data/slide64.css"/>
<file href="res/data/thmb65.png"/>
<file href="res/data/slide65.js"/>
<file href="res/data/slide65.css"/>
<file href="res/data/thmb66.png"/>
<file href="res/data/slide66.js"/>
<file href="res/data/slide66.css"/>
<file href="res/data/thmb67.png"/>
<file href="res/data/slide67.js"/>
<file href="res/data/slide67.css"/>
<file href="res/data/thmb68.png"/>
<file href="res/data/slide68.js"/>
<file href="res/data/slide68.css"/>
<file href="res/data/thmb69.png"/>
<file href="res/data/slide69.js"/>
<file href="res/data/slide69.css"/>
<file href="res/data/thmb70.png"/>
<file href="res/data/slide70.js"/>
<file href="res/data/slide70.css"/>
<file href="res/data/thmb71.png"/>
<file href="res/data/slide71.js"/>
<file href="res/data/slide71.css"/>
<file href="res/data/thmb72.png"/>
<file href="res/data/slide72.js"/>
<file href="res/data/slide72.css"/>
<file href="res/data/thmb73.png"/>
<file href="res/data/slide73.js"/>
<file href="res/data/slide73.css"/>
<file href="res/data/thmb74.png"/>
<file href="res/data/slide74.js"/>
<file href="res/data/slide74.css"/>
<file href="res/data/thmb75.png"/>
<file href="res/data/slide75.js"/>
<file href="res/data/slide75.css"/>
<file href="res/data/thmb76.png"/>
<file href="res/data/slide76.js"/>
<file href="res/data/slide76.css"/>
<file href="res/data/thmb77.png"/>
<file href="res/data/slide77.js"/>
<file href="res/data/slide77.css"/>
<file href="res/data/thmb78.png"/>
<file href="res/data/slide78.js"/>
<file href="res/data/slide78.css"/>
<file href="res/data/thmb79.png"/>
<file href="res/data/slide79.js"/>
<file href="res/data/slide79.css"/>
<file href="res/data/thmb80.png"/>
<file href="res/data/slide80.js"/>
<file href="res/data/slide80.css"/>
<file href="res/data/thmb81.png"/>
<file href="res/data/slide81.js"/>
<file href="res/data/slide81.css"/>
<file href="res/data/thmb82.png"/>
<file href="res/data/slide82.js"/>
<file href="res/data/slide82.css"/>
<file href="res/data/thmb83.png"/>
<file href="res/data/slide83.js"/>
<file href="res/data/slide83.css"/>
<file href="res/data/thmb84.png"/>
<file href="res/data/slide84.js"/>
<file href="res/data/slide84.css"/>
<file href="res/data/thmb85.png"/>
<file href="res/data/slide85.js"/>
<file href="res/data/slide85.css"/>
<file href="res/data/thmb86.png"/>
<file href="res/data/slide86.js"/>
<file href="res/data/slide86.css"/>
<file href="res/data/thmb87.png"/>
<file href="res/data/slide87.js"/>
<file href="res/data/slide87.css"/>
<file href="res/data/thmb88.png"/>
<file href="res/data/slide88.js"/>
<file href="res/data/slide88.css"/>
<file href="res/data/thmb89.png"/>
<file href="res/data/slide89.js"/>
<file href="res/data/slide89.css"/>
<file href="res/data/thmb90.png"/>
<file href="res/data/slide90.js"/>
<file href="res/data/slide90.css"/>
<file href="res/data/thmb91.png"/>
<file href="res/data/slide91.js"/>
<file href="res/data/slide91.css"/>
<file href="res/data/thmb92.png"/>
<file href="res/data/slide92.js"/>
<file href="res/data/slide92.css"/>
<file href="res/data/thmb93.png"/>
<file href="res/data/slide93.js"/>
<file href="res/data/slide93.css"/>
<file href="res/data/thmb94.png"/>
<file href="res/data/slide94.js"/>
<file href="res/data/slide94.css"/>
<file href="res/data/thmb95.png"/>
<file href="res/data/slide95.js"/>
<file href="res/data/slide95.css"/>
<file href="res/data/thmb96.png"/>
<file href="res/data/slide96.js"/>
<file href="res/data/slide96.css"/>
<file href="res/data/sound1.mp3"/>
<file href="res/data/sound2.mp3"/>
<file href="res/data/sound3.mp3"/>
<file href="res/data/sound4.mp3"/>
<file href="res/data/sound5.mp3"/>
<file href="res/data/sound6.mp3"/>
<file href="res/data/sound7.mp3"/>
<file href="res/data/sound8.mp3"/>
<file href="res/data/sound9.mp3"/>
<file href="res/data/sound10.mp3"/>
<file href="res/data/sound11.mp3"/>
<file href="res/data/sound12.mp3"/>
<file href="res/data/sound13.mp3"/>
<file href="res/data/sound14.mp3"/>
<file href="res/data/sound15.mp3"/>
<file href="res/data/sound16.mp3"/>
<file href="res/data/sound17.mp3"/>
<file href="res/data/sound18.mp3"/>
<file href="res/data/sound19.mp3"/>
<file href="res/data/sound20.mp3"/>
<file href="res/data/sound21.mp3"/>
<file href="res/data/sound22.mp3"/>
<file href="res/data/sound23.mp3"/>
<file href="res/data/sound24.mp3"/>
<file href="res/data/sound25.mp3"/>
<file href="res/data/sound26.mp3"/>
<file href="res/data/sound27.mp3"/>
<file href="res/data/sound28.mp3"/>
<file href="res/data/sound29.mp3"/>
<file href="res/data/sound30.mp3"/>
<file href="res/data/sound31.mp3"/>
<file href="res/data/sound32.mp3"/>
<file href="res/data/sound33.mp3"/>
<file href="res/data/sound34.mp3"/>
<file href="res/data/sound35.mp3"/>
<file href="res/data/sound36.mp3"/>
<file href="res/data/sound37.mp3"/>
<file href="res/data/sound38.mp3"/>
<file href="res/data/sound39.mp3"/>
<file href="res/data/sound40.mp3"/>
<file href="res/data/sound41.mp3"/>
<file href="res/data/sound42.mp3"/>
<file href="res/data/sound43.mp3"/>
<file href="res/data/sound44.mp3"/>
<file href="res/data/sound45.mp3"/>
<file href="res/data/sound46.mp3"/>
<file href="res/data/sound47.mp3"/>
<file href="res/data/sound48.mp3"/>
<file href="res/data/sound49.mp3"/>
<file href="res/data/sound50.mp3"/>
<file href="res/data/sound51.mp3"/>
<file href="res/data/sound52.mp3"/>
<file href="res/data/sound53.mp3"/>
<file href="res/data/sound54.mp3"/>
<file href="res/data/sound55.mp3"/>
<file href="res/data/sound56.mp3"/>
<file href="res/data/sound57.mp3"/>
<file href="res/data/sound58.mp3"/>
<file href="res/data/sound59.mp3"/>
<file href="res/data/sound60.mp3"/>
<file href="res/data/sound61.mp3"/>
<file href="res/data/sound62.mp3"/>
<file href="res/data/sound63.mp3"/>
<file href="res/data/sound64.mp3"/>
<file href="res/data/sound65.mp3"/>
<file href="res/data/sound66.mp3"/>
<file href="res/data/sound67.mp3"/>
<file href="res/data/sound68.mp3"/>
<file href="res/data/sound69.mp3"/>
<file href="res/data/sound70.mp3"/>
<file href="res/data/sound71.mp3"/>
<file href="res/data/sound72.mp3"/>
<file href="res/data/sound73.mp3"/>
<file href="res/data/sound74.mp3"/>
<file href="res/data/sound75.mp3"/>
<file href="res/data/sound76.mp3"/>
<file href="res/data/sound77.mp3"/>
<file href="res/data/sound78.mp3"/>
<file href="res/data/sound79.mp3"/>
<file href="res/data/sound80.mp3"/>
<file href="res/data/sound81.mp3"/>
<file href="res/data/sound82.mp3"/>
<file href="res/data/sound83.mp3"/>
<file href="res/data/sound84.mp3"/>
<file href="res/data/sound85.mp3"/>
<file href="res/data/sound86.mp3"/>
<file href="res/index.html"/>
<file href="res/data/player.js"/>
<file href="res/data/eraser.cur"/>
<file href="res/data/highlighter.cur"/>
<file href="res/data/marker.cur"/>
<file href="res/data/lock.cur"/>
<file href="res/data/browsersupport.js"/>
<file href="res/data/apple-touch-icon.png"/>
<file href="res/data/favicon.ico"/>
<file href="res/data/fnt0.woff"/>
<file href="res/data/fnt1.woff"/>
<file href="res/data/fnt10.woff"/>
<file href="res/data/fnt11.woff"/>
<file href="res/data/fnt12.woff"/>
<file href="res/data/fnt13.woff"/>
<file href="res/data/fnt14.woff"/>
<file href="res/data/fnt15.woff"/>
<file href="res/data/fnt16.woff"/>
<file href="res/data/fnt17.woff"/>
<file href="res/data/fnt18.woff"/>
<file href="res/data/fnt19.woff"/>
<file href="res/data/fnt2.woff"/>
<file href="res/data/fnt20.woff"/>
<file href="res/data/fnt3.woff"/>
<file href="res/data/fnt4.woff"/>
<file href="res/data/fnt5.woff"/>
<file href="res/data/fnt6.woff"/>
<file href="res/data/fnt7.woff"/>
<file href="res/data/fnt8.woff"/>
<file href="res/data/fnt9.woff"/>
<file href="res/data/html5-unsupported.html"/>
<file href="res/data/html5.png"/>
<file href="res/data/img0.png"/>
<file href="res/data/img1.png"/>
<file href="res/data/img10.png"/>
<file href="res/data/img100.png"/>
<file href="res/data/img101.png"/>
<file href="res/data/img102.png"/>
<file href="res/data/img103.png"/>
<file href="res/data/img104.png"/>
<file href="res/data/img105.png"/>
<file href="res/data/img106.png"/>
<file href="res/data/img107.png"/>
<file href="res/data/img108.png"/>
<file href="res/data/img109.png"/>
<file href="res/data/img11.png"/>
<file href="res/data/img110.png"/>
<file href="res/data/img111.png"/>
<file href="res/data/img112.png"/>
<file href="res/data/img113.png"/>
<file href="res/data/img114.png"/>
<file href="res/data/img115.png"/>
<file href="res/data/img116.png"/>
<file href="res/data/img117.png"/>
<file href="res/data/img118.png"/>
<file href="res/data/img119.png"/>
<file href="res/data/img12.png"/>
<file href="res/data/img120.png"/>
<file href="res/data/img121.png"/>
<file href="res/data/img122.png"/>
<file href="res/data/img123.png"/>
<file href="res/data/img124.png"/>
<file href="res/data/img125.png"/>
<file href="res/data/img126.png"/>
<file href="res/data/img127.png"/>
<file href="res/data/img128.png"/>
<file href="res/data/img129.png"/>
<file href="res/data/img13.png"/>
<file href="res/data/img130.png"/>
<file href="res/data/img131.png"/>
<file href="res/data/img132.png"/>
<file href="res/data/img133.png"/>
<file href="res/data/img134.png"/>
<file href="res/data/img135.png"/>
<file href="res/data/img136.png"/>
<file href="res/data/img137.png"/>
<file href="res/data/img138.png"/>
<file href="res/data/img139.png"/>
<file href="res/data/img14.png"/>
<file href="res/data/img140.png"/>
<file href="res/data/img141.png"/>
<file href="res/data/img142.png"/>
<file href="res/data/img143.png"/>
<file href="res/data/img144.png"/>
<file href="res/data/img145.png"/>
<file href="res/data/img146.png"/>
<file href="res/data/img147.png"/>
<file href="res/data/img148.png"/>
<file href="res/data/img149.png"/>
<file href="res/data/img15.png"/>
<file href="res/data/img150.png"/>
<file href="res/data/img151.png"/>
<file href="res/data/img152.png"/>
<file href="res/data/img16.png"/>
<file href="res/data/img17.png"/>
<file href="res/data/img18.png"/>
<file href="res/data/img19.png"/>
<file href="res/data/img2.png"/>
<file href="res/data/img20.png"/>
<file href="res/data/img21.png"/>
<file href="res/data/img22.png"/>
<file href="res/data/img23.png"/>
<file href="res/data/img24.png"/>
<file href="res/data/img25.png"/>
<file href="res/data/img26.png"/>
<file href="res/data/img27.png"/>
<file href="res/data/img28.png"/>
<file href="res/data/img29.png"/>
<file href="res/data/img3.png"/>
<file href="res/data/img30.png"/>
<file href="res/data/img31.png"/>
<file href="res/data/img32.png"/>
<file href="res/data/img33.png"/>
<file href="res/data/img34.png"/>
<file href="res/data/img35.png"/>
<file href="res/data/img36.png"/>
<file href="res/data/img37.png"/>
<file href="res/data/img38.png"/>
<file href="res/data/img39.png"/>
<file href="res/data/img4.png"/>
<file href="res/data/img40.png"/>
<file href="res/data/img41.png"/>
<file href="res/data/img42.png"/>
<file href="res/data/img43.png"/>
<file href="res/data/img44.png"/>
<file href="res/data/img45.png"/>
<file href="res/data/img46.png"/>
<file href="res/data/img47.png"/>
<file href="res/data/img48.png"/>
<file href="res/data/img49.png"/>
<file href="res/data/img5.png"/>
<file href="res/data/img50.png"/>
<file href="res/data/img51.png"/>
<file href="res/data/img52.png"/>
<file href="res/data/img53.png"/>
<file href="res/data/img54.png"/>
<file href="res/data/img55.png"/>
<file href="res/data/img56.png"/>
<file href="res/data/img57.png"/>
<file href="res/data/img58.png"/>
<file href="res/data/img59.png"/>
<file href="res/data/img6.png"/>
<file href="res/data/img60.png"/>
<file href="res/data/img61.png"/>
<file href="res/data/img62.png"/>
<file href="res/data/img63.png"/>
<file href="res/data/img64.png"/>
<file href="res/data/img65.png"/>
<file href="res/data/img66.png"/>
<file href="res/data/img67.png"/>
<file href="res/data/img68.png"/>
<file href="res/data/img69.png"/>
<file href="res/data/img7.png"/>
<file href="res/data/img70.png"/>
<file href="res/data/img71.png"/>
<file href="res/data/img72.png"/>
<file href="res/data/img73.png"/>
<file href="res/data/img74.png"/>
<file href="res/data/img75.png"/>
<file href="res/data/img76.png"/>
<file href="res/data/img77.png"/>
<file href="res/data/img78.png"/>
<file href="res/data/img79.png"/>
<file href="res/data/img8.png"/>
<file href="res/data/img80.png"/>
<file href="res/data/img81.png"/>
<file href="res/data/img82.png"/>
<file href="res/data/img83.png"/>
<file href="res/data/img84.png"/>
<file href="res/data/img85.png"/>
<file href="res/data/img86.png"/>
<file href="res/data/img87.png"/>
<file href="res/data/img88.png"/>
<file href="res/data/img89.png"/>
<file href="res/data/img9.png"/>
<file href="res/data/img90.png"/>
<file href="res/data/img91.png"/>
<file href="res/data/img92.png"/>
<file href="res/data/img93.png"/>
<file href="res/data/img94.png"/>
<file href="res/data/img95.png"/>
<file href="res/data/img96.png"/>
<file href="res/data/img97.png"/>
<file href="res/data/img98.png"/>
<file href="res/data/img99.png"/>
</resource>
</resources>
</manifest>
